task_name,from_pretrained,model_cfg,model_cls,model_type,lr,batch_size,lr_scheduler,max_n_segments,input_size,num_mem_tokens,model_path,num_steps,best_valid_exact_match,key_size,value_size,num_pairs
associative_retrieval_v2,,/home/jovyan/rmt/wip/base_models/gptconfigs/neox_tiny.json,base_models.modeling_gpt_neox:GPTNeoXForCausalLM,decoder,0.001,512,linear,2,,1,../runs/associative_retrieval_v2//lr1e-03_linear_adamw_wd1e-03_k4-v16-p1-2x2048_mem1_bs512_regular_bptt-2/run_1,95000,0.3076249957084656,4,16,1
associative_retrieval_v2,,/home/jovyan/rmt/wip/base_models/gptconfigs/neox_tiny.json,base_models.modeling_gpt_neox:GPTNeoXForCausalLM,decoder,0.001,512,linear,2,,4,../runs/associative_retrieval_v2//lr1e-03_linear_adamw_wd1e-03_k4-v8-p1-2x2048_mem4_bs512_regular_bptt-2_from_cpt/run_4,100000,1.0,4,8,1
associative_retrieval_v2,,/home/jovyan/rmt/wip/base_models/gptconfigs/neox_tiny.json,base_models.modeling_gpt_neox:GPTNeoXForCausalLM,decoder,0.001,512,linear,2,,2,../runs/associative_retrieval_v2//lr1e-03_linear_adamw_wd1e-03_k4-v16-p1-2x2048_mem2_bs512_regular_bptt-2/run_1,100000,0.43031251430511475,4,16,1
associative_retrieval_v2,,/home/jovyan/rmt/wip/base_models/gptconfigs/neox_tiny.json,base_models.modeling_gpt_neox:GPTNeoXForCausalLM,decoder,0.0001,2048,linear,2,,2,../runs/associative_retrieval_v2//lr1e-04_linear_adamw_wd1e-03_k4-v16-p1-2x2048_mem2_bs2048_regular_bptt-2/run_1,25000,0.49306249618530273,4,16,1
associative_retrieval_v2,,/home/jovyan/rmt/wip/base_models/gptconfigs/neox_tiny.json,base_models.modeling_gpt_neox:GPTNeoXForCausalLM,decoder,0.001,512,linear,2,,4,../runs/associative_retrieval_v2//lr1e-03_linear_adamw_wd1e-03_k4-v16-p1-2x2048_mem4_bs512_regular_bptt-2_from_cpt/run_4,0,0.059562500566244125,4,16,1
associative_retrieval_v2,,/home/jovyan/rmt/wip/base_models/gptconfigs/neox_tiny.json,base_models.modeling_gpt_neox:GPTNeoXForCausalLM,decoder,0.001,512,linear,2,,4,../runs/associative_retrieval_v2//lr1e-03_linear_adamw_wd1e-03_k4-v16-p1-2x2048_mem4_bs512_regular_bptt-2_from_cpt/run_4,42500,0.44350001215934753,4,16,1
associative_retrieval_v2,,/home/jovyan/rmt/wip/base_models/gptconfigs/neox_tiny.json,base_models.modeling_gpt_neox:GPTNeoXForCausalLM,decoder,0.001,512,linear,2,,4,../runs/associative_retrieval_v2//lr1e-03_linear_adamw_wd1e-03_k4-v32-p1-2x2048_mem4_bs512_regular_bptt-2_from_cpt/run_4,42500,0.2770312428474426,4,32,1
associative_retrieval_v2,,/home/jovyan/rmt/wip/base_models/gptconfigs/neox_tiny.json,base_models.modeling_gpt_neox:GPTNeoXForCausalLM,decoder,0.001,2048,linear,2,,2,../runs/associative_retrieval_v2//lr1e-03_linear_adamw_wd1e-03_k4-v16-p1-2x2048_mem2_bs2048_regular_bptt-2/run_1,22500,0.4860000014305115,4,16,1
associative_retrieval_v2,,/home/jovyan/rmt/wip/base_models/gptconfigs/neox_tiny.json,base_models.modeling_gpt_neox:GPTNeoXForCausalLM,decoder,1e-05,2048,linear,2,,2,../runs/associative_retrieval_v2//lr1e-05_linear_adamw_wd1e-03_k4-v16-p1-2x2048_mem2_bs2048_regular_bptt-2/run_1,25000,0.28468748927116394,4,16,1
associative_retrieval_v2,,/home/jovyan/rmt/wip/base_models/gptconfigs/neox_tiny.json,base_models.modeling_gpt_neox:GPTNeoXForCausalLM,decoder,0.001,512,linear,2,,4,../runs/associative_retrieval_v2//lr1e-03_linear_adamw_wd1e-03_k4-v64-p1-2x2048_mem4_bs512_regular_bptt-2_from_cpt/run_4,42500,0.18729688227176666,4,64,1
associative_retrieval_v2,,/home/jovyan/rmt/wip/base_models/gptconfigs/neox_tiny.json,base_models.modeling_gpt_neox:GPTNeoXForCausalLM,decoder,0.0001,512,linear,2,,4,../runs/associative_retrieval_v2//lr1e-04_linear_adamw_wd1e-03_k4-v8-p1-2x2048_mem4_bs512_regular_bptt-2_from_cpt/run_4,50000,0.9516249895095825,4,8,1
associative_retrieval_v2,,/home/jovyan/rmt/wip/base_models/gptconfigs/neox_tiny.json,base_models.modeling_gpt_neox:GPTNeoXForCausalLM,decoder,5e-05,2048,linear,2,,2,../runs/associative_retrieval_v2//lr5e-05_linear_adamw_wd1e-03_k4-v16-p1-2x2048_mem2_bs2048_regular_bptt-2/run_1,0,0.015625,4,16,1
associative_retrieval_v2,,/home/jovyan/rmt/wip/base_models/gptconfigs/neox_tiny.json,base_models.modeling_gpt_neox:GPTNeoXForCausalLM,decoder,5e-05,2048,linear,2,,2,../runs/associative_retrieval_v2//lr5e-05_linear_adamw_wd1e-03_k4-v16-p1-2x2048_mem2_bs2048_regular_bptt-2/run_1,25000,0.47093749046325684,4,16,1
associative_retrieval_v2,,/home/jovyan/rmt/wip/base_models/gptconfigs/neox_tiny.json,base_models.modeling_gpt_neox:GPTNeoXForCausalLM,decoder,0.0005,2048,linear,2,,2,../runs/associative_retrieval_v2//lr5e-04_linear_adamw_wd1e-03_k4-v16-p1-2x2048_mem2_bs2048_regular_bptt-2/run_1,22500,0.49123528599739075,4,16,1
associative_retrieval_v2,,/home/jovyan/rmt/wip/base_models/gptconfigs/neox_tiny.json,base_models.modeling_gpt_neox:GPTNeoXForCausalLM,decoder,0.005,2048,linear,2,,2,../runs/associative_retrieval_v2//lr5e-03_linear_adamw_wd1e-03_k4-v16-p1-2x2048_mem2_bs2048_regular_bptt-2/run_1,21250,0.2957647144794464,4,16,1
associative_retrieval_v2,,/home/jovyan/rmt/wip/base_models/gptconfigs/neox_tiny.json,base_models.modeling_gpt_neox:GPTNeoXForCausalLM,decoder,0.0001,2048,linear,2,,1,../runs/associative_retrieval_v2//lr1e-04_linear_adamw_wd1e-03_k4-v4-p1-2x2048_mem1_bs2048_regular_bptt-2/run_1,25000,0.3758000135421753,4,4,1
associative_retrieval_v2,,/home/jovyan/rmt/wip/base_models/gptconfigs/neox_tiny.json,base_models.modeling_gpt_neox:GPTNeoXForCausalLM,decoder,0.0001,2048,linear,2,,1,../runs/associative_retrieval_v2//lr1e-04_linear_adamw_wd1e-03_k4-v4-p1-2x2048_mem1_bs2048_regular_bptt-2/run_1,25000,0.43700000643730164,4,4,1
associative_retrieval_v2,,/home/jovyan/rmt/wip/base_models/gptconfigs/neox_tiny.json,base_models.modeling_gpt_neox:GPTNeoXForCausalLM,decoder,0.0001,2048,linear,2,,1,../runs/associative_retrieval_v2//lr1e-04_linear_adamw_wd1e-03_k4-v4-p1-2x2048_mem1_bs2048_regular_bptt-2/run_2,50000,0.5708000063896179,4,4,1
associative_retrieval_v2,,/home/jovyan/rmt/wip/base_models/gptconfigs/neox_tiny.json,base_models.modeling_gpt_neox:GPTNeoXForCausalLM,decoder,0.0001,2048,linear,2,,1,../runs/associative_retrieval_v2//lr1e-04_linear_adamw_wd1e-03_k4-v4-p1-2x2048_mem1_bs2048_regular_bptt-2/run_3,50000,0.6104000210762024,4,4,1
associative_retrieval_v2,,/home/jovyan/rmt/wip/base_models/gptconfigs/neox_tiny_2l2h.json,base_models.modeling_gpt_neox:GPTNeoXForCausalLM,decoder,0.0001,2048,linear,2,,1,../runs/associative_retrieval_v2//lr1e-04_linear_adamw_wd1e-03_k4-v4-p1-2x2048_mem1_bs2048_regular_bptt-2_2l2h/run_1,21250,0.5547999739646912,4,4,1
associative_retrieval_v2,,/home/jovyan/rmt/wip/base_models/gptconfigs/neox_tiny_2l2h.json,base_models.modeling_gpt_neox:GPTNeoXForCausalLM,decoder,0.0001,2048,linear,2,,1,../runs/associative_retrieval_v2//lr1e-04_linear_adamw_wd1e-03_k4-v4-p1-2x2048_mem1_bs2048_regular_bptt-2_2l2h/run_1,25000,0.6182000041007996,4,4,1
associative_retrieval_v2,,/home/jovyan/rmt/wip/base_models/gptconfigs/neox_tiny_2l2h.json,base_models.modeling_gpt_neox:GPTNeoXForCausalLM,decoder,0.0001,2048,linear,2,,1,../runs/associative_retrieval_v2//lr1e-04_linear_adamw_wd1e-03_k4-v4-p1-2x2048_mem1_bs2048_regular_bptt-2_2l2h/run_1,21250,0.6579999923706055,4,4,1
associative_retrieval_v2,,/home/jovyan/rmt/wip/base_models/gptconfigs/neox_tiny_2l2h.json,base_models.modeling_gpt_neox:GPTNeoXForCausalLM,decoder,0.0001,2048,linear,2,,1,../runs/associative_retrieval_v2//lr1e-04_linear_adamw_wd1e-03_k4-v4-p1-2x2048_mem1_bs2048_regular_bptt-2_2l2h/run_1,50000,0.7185999751091003,4,4,1
associative_retrieval_v2,,/home/jovyan/rmt/wip/base_models/gptconfigs/neox_tiny_2l2h.json,base_models.modeling_gpt_neox:GPTNeoXForCausalLM,decoder,0.0001,2048,linear,2,,1,../runs/associative_retrieval_v2//lr1e-04_linear_adamw_wd1e-03_k4-v4-p1-2x2048_mem1_bs2048_regular_bptt-2_2l2h/run_1,142500,0.699400007724762,4,4,1
associative_retrieval_v2,,/home/jovyan/rmt/wip/base_models/gptconfigs/neox_tiny_4l4h.json,base_models.modeling_gpt_neox:GPTNeoXForCausalLM,decoder,0.0001,2048,linear,2,,1,../runs/associative_retrieval_v2//lr1e-04_linear_adamw_wd1e-03_k4-v4-p1-2x2048_mem1_bs2048_regular_bptt-2_2l2h/run_2,42500,0.7455999851226807,4,4,1
associative_retrieval_v2,,/home/jovyan/rmt/wip/base_models/gptconfigs/neox_tiny_4l4h.json,base_models.modeling_gpt_neox:GPTNeoXForCausalLM,decoder,0.0001,2048,linear,2,,1,../runs/associative_retrieval_v2//lr1e-04_linear_adamw_wd1e-03_k4-v4-p1-2x2048_mem1_bs2048_regular_bptt-2_2l2h/run_2,42500,0.6790000200271606,4,4,1
associative_retrieval_v2,,/home/jovyan/rmt/wip/base_models/gptconfigs/neox_tiny_4l4h.json,base_models.modeling_gpt_neox:GPTNeoXForCausalLM,decoder,0.0001,2048,linear,2,,1,../runs/associative_retrieval_v2//lr1e-04_linear_adamw_wd1e-03_k4-v4-p1-2x2048_mem1_bs2048_regular_bptt-2_2l2h/run_3,42500,0.6510000228881836,4,4,1
associative_retrieval_v2,,/home/jovyan/rmt/wip/base_models/gptconfigs/neox_tiny_4l4h.json,base_models.modeling_gpt_neox:GPTNeoXForCausalLM,decoder,0.0001,2048,linear,2,,1,../runs/associative_retrieval_v2//lr1e-04_linear_adamw_wd1e-03_k4-v4-p1-2x2048_mem1_bs2048_regular_bptt-2_2l2h/run_3,50000,0.7513999938964844,4,4,1
associative_retrieval_v2,,/home/jovyan/rmt/wip/base_models/gptconfigs/neox_tiny_4l4h.json,base_models.modeling_gpt_neox:GPTNeoXForCausalLM,decoder,0.0001,2048,linear,2,,1,../runs/associative_retrieval_v2//lr1e-04_linear_adamw_wd1e-03_k4-v4-p1-2x2048_mem1_bs2048_regular_bptt-2_4l4h/run_1,21250,0.6488000154495239,4,4,1
associative_retrieval_v2,,/home/jovyan/rmt/wip/base_models/gptconfigs/neox_tiny_4l4h.json,base_models.modeling_gpt_neox:GPTNeoXForCausalLM,decoder,0.0001,2048,linear,2,,1,../runs/associative_retrieval_v2//lr1e-04_linear_adamw_wd1e-03_k4-v4-p1-2x2048_mem1_bs2048_regular_bptt-2_4l4h/run_1,50000,0.7626000046730042,4,4,1
associative_retrieval_v2,,/home/jovyan/rmt/wip/base_models/gptconfigs/neox_tiny_4l4h.json,base_models.modeling_gpt_neox:GPTNeoXForCausalLM,decoder,0.0001,2048,linear,2,,1,../runs/associative_retrieval_v2//lr1e-04_linear_adamw_wd1e-03_k4-v4-p1-2x2048_mem1_bs2048_regular_bptt-2_4l4h/run_2,50000,0.7811999917030334,4,4,1
associative_retrieval_v2,,/home/jovyan/rmt/wip/base_models/gptconfigs/neox_tiny.json,base_models.modeling_gpt_neox:GPTNeoXForCausalLM,decoder,0.0001,2048,linear,2,,1,../runs/associative_retrieval_v2//lr1e-04_linear_adamw_wd1e-03_k4-v1-p1-2x2048_mem1_bs2048_regular_bptt-2/run_1,21250,0.5,4,1,1
associative_retrieval_v2,,/home/jovyan/rmt/wip/base_models/gptconfigs/neox_tiny.json,base_models.modeling_gpt_neox:GPTNeoXForCausalLM,decoder,0.0001,2048,linear,2,,1,../runs/associative_retrieval_v2//lr1e-04_linear_adamw_wd1e-03_k4-v1-p1-2x2048_mem1_bs2048_regular_bptt-2/run_2,42500,0.5,4,1,1
associative_retrieval_v2,,/home/jovyan/rmt/wip/base_models/gptconfigs/neox_tiny.json,base_models.modeling_gpt_neox:GPTNeoXForCausalLM,decoder,0.0001,2048,linear,2,,1,../runs/associative_retrieval_v2//lr1e-04_linear_adamw_wd1e-03_k4-v1-p1-2x2048_mem1_bs2048_regular_bptt-2/run_3,42500,0.5,4,1,1
associative_retrieval_v2,,/home/jovyan/rmt/wip/base_models/gptconfigs/neox_tiny.json,base_models.modeling_gpt_neox:GPTNeoXForCausalLM,decoder,0.0001,2048,linear,2,,1,../runs/associative_retrieval_v2//lr1e-04_linear_adamw_wd1e-03_k4-v2-p1-2x2048_mem1_bs2048_regular_bptt-2/run_1,25000,0.4573333263397217,4,2,1
associative_retrieval_v2,,/home/jovyan/rmt/wip/base_models/gptconfigs/neox_tiny.json,base_models.modeling_gpt_neox:GPTNeoXForCausalLM,decoder,0.0001,2048,linear,2,,1,../runs/associative_retrieval_v2//lr1e-04_linear_adamw_wd1e-03_k4-v2-p1-2x2048_mem1_bs2048_regular_bptt-2/run_2,2500,0.006000000052154064,4,2,1
associative_retrieval_v2,,/home/jovyan/rmt/wip/base_models/gptconfigs/neox_tiny.json,base_models.modeling_gpt_neox:GPTNeoXForCausalLM,decoder,0.0001,2048,linear,2,,1,../runs/associative_retrieval_v2//lr1e-04_linear_adamw_wd1e-03_k4-v2-p1-2x2048_mem1_bs2048_regular_bptt-2/run_3,2500,0.01366666704416275,4,2,1
associative_retrieval_v2,,/home/jovyan/rmt/wip/base_models/gptconfigs/neox_tiny.json,base_models.modeling_gpt_neox:GPTNeoXForCausalLM,decoder,0.0001,2048,linear,2,,1,../runs/associative_retrieval_v2//lr1e-04_linear_adamw_wd1e-03_k4-v8-p1-2x2048_mem1_bs2048_regular_bptt-2/run_1,25000,0.6330000162124634,4,8,1
associative_retrieval_v2,,/home/jovyan/rmt/wip/base_models/gptconfigs/neox_tiny.json,base_models.modeling_gpt_neox:GPTNeoXForCausalLM,decoder,0.0001,2048,linear,2,,1,../runs/associative_retrieval_v2//lr1e-04_linear_adamw_wd1e-03_k4-v8-p1-2x2048_mem1_bs2048_regular_bptt-2/run_2,50000,0.6878888607025146,4,8,1
associative_retrieval_v2,,/home/jovyan/rmt/wip/base_models/gptconfigs/neox_tiny.json,base_models.modeling_gpt_neox:GPTNeoXForCausalLM,decoder,0.0001,2048,linear,2,,1,../runs/associative_retrieval_v2//lr1e-04_linear_adamw_wd1e-03_k4-v8-p1-2x2048_mem1_bs2048_regular_bptt-2/run_3,47500,0.11366666853427887,4,8,1
associative_retrieval_v2,,/home/jovyan/rmt/wip/base_models/gptconfigs/neox_tiny.json,base_models.modeling_gpt_neox:GPTNeoXForCausalLM,decoder,0.0001,2048,linear,2,,2,../runs/associative_retrieval_v2//lr1e-04_linear_adamw_wd1e-03_k4-v1-p1-2x2048_mem2_bs2048_regular_bptt-2/run_1,21250,0.5,4,1,1
associative_retrieval_v2,,/home/jovyan/rmt/wip/base_models/gptconfigs/neox_tiny.json,base_models.modeling_gpt_neox:GPTNeoXForCausalLM,decoder,0.0001,2048,linear,2,,2,../runs/associative_retrieval_v2//lr1e-04_linear_adamw_wd1e-03_k4-v1-p1-2x2048_mem2_bs2048_regular_bptt-2/run_1,42500,0.5,4,1,1
associative_retrieval_v2,,/home/jovyan/rmt/wip/base_models/gptconfigs/neox_tiny.json,base_models.modeling_gpt_neox:GPTNeoXForCausalLM,decoder,0.0001,2048,linear,2,,2,../runs/associative_retrieval_v2//lr1e-04_linear_adamw_wd1e-03_k4-v1-p1-2x2048_mem2_bs2048_regular_bptt-2/run_2,42500,0.5,4,1,1
associative_retrieval_v2,,/home/jovyan/rmt/wip/base_models/gptconfigs/neox_tiny.json,base_models.modeling_gpt_neox:GPTNeoXForCausalLM,decoder,0.0001,2048,linear,2,,2,../runs/associative_retrieval_v2//lr1e-04_linear_adamw_wd1e-03_k4-v1-p1-2x2048_mem2_bs2048_regular_bptt-2/run_3,42500,0.5,4,1,1
associative_retrieval_v2,,/home/jovyan/rmt/wip/base_models/gptconfigs/neox_tiny.json,base_models.modeling_gpt_neox:GPTNeoXForCausalLM,decoder,0.0001,2048,linear,2,,2,../runs/associative_retrieval_v2//lr1e-04_linear_adamw_wd1e-03_k4-v2-p1-2x2048_mem2_bs2048_regular_bptt-2/run_1,1250,0.010333333164453506,4,2,1
associative_retrieval_v2,,/home/jovyan/rmt/wip/base_models/gptconfigs/neox_tiny.json,base_models.modeling_gpt_neox:GPTNeoXForCausalLM,decoder,0.0001,2048,linear,2,,2,../runs/associative_retrieval_v2//lr1e-04_linear_adamw_wd1e-03_k4-v2-p1-2x2048_mem2_bs2048_regular_bptt-2/run_1,2500,0.10466666519641876,4,2,1
associative_retrieval_v2,,/home/jovyan/rmt/wip/base_models/gptconfigs/neox_tiny.json,base_models.modeling_gpt_neox:GPTNeoXForCausalLM,decoder,0.0001,2048,linear,2,,2,../runs/associative_retrieval_v2//lr1e-04_linear_adamw_wd1e-03_k4-v2-p1-2x2048_mem2_bs2048_regular_bptt-2/run_2,2500,0.014333332888782024,4,2,1
associative_retrieval_v2,,/home/jovyan/rmt/wip/base_models/gptconfigs/neox_tiny.json,base_models.modeling_gpt_neox:GPTNeoXForCausalLM,decoder,0.0001,2048,linear,2,,2,../runs/associative_retrieval_v2//lr1e-04_linear_adamw_wd1e-03_k4-v2-p1-2x2048_mem2_bs2048_regular_bptt-2/run_3,2500,0.009333333000540733,4,2,1
associative_retrieval_v2,,/home/jovyan/rmt/wip/base_models/gptconfigs/neox_tiny.json,base_models.modeling_gpt_neox:GPTNeoXForCausalLM,decoder,0.0001,2048,linear,2,,2,../runs/associative_retrieval_v2//lr1e-04_linear_adamw_wd1e-03_k4-v4-p1-2x2048_mem2_bs2048_regular_bptt-2/run_1,25000,0.4235999882221222,4,4,1
associative_retrieval_v2,,/home/jovyan/rmt/wip/base_models/gptconfigs/neox_tiny.json,base_models.modeling_gpt_neox:GPTNeoXForCausalLM,decoder,0.0001,2048,linear,2,,2,../runs/associative_retrieval_v2//lr1e-04_linear_adamw_wd1e-03_k4-v4-p1-2x2048_mem2_bs2048_regular_bptt-2/run_1,50000,0.8126000165939331,4,4,1
associative_retrieval_v2,,/home/jovyan/rmt/wip/base_models/gptconfigs/neox_tiny.json,base_models.modeling_gpt_neox:GPTNeoXForCausalLM,decoder,0.0001,2048,linear,2,,2,../runs/associative_retrieval_v2//lr1e-04_linear_adamw_wd1e-03_k4-v4-p1-2x2048_mem2_bs2048_regular_bptt-2/run_2,50000,0.35179999470710754,4,4,1
associative_retrieval_v2,,/home/jovyan/rmt/wip/base_models/gptconfigs/neox_tiny.json,base_models.modeling_gpt_neox:GPTNeoXForCausalLM,decoder,0.0001,2048,linear,2,,2,../runs/associative_retrieval_v2//lr1e-04_linear_adamw_wd1e-03_k4-v4-p1-2x2048_mem2_bs2048_regular_bptt-2/run_3,47500,0.8126000165939331,4,4,1
associative_retrieval_v2,,/home/jovyan/rmt/wip/base_models/gptconfigs/neox_tiny.json,base_models.modeling_gpt_neox:GPTNeoXForCausalLM,decoder,0.0001,2048,linear,2,,2,../runs/associative_retrieval_v2//lr1e-04_linear_adamw_wd1e-03_k4-v8-p1-2x2048_mem2_bs2048_regular_bptt-2/run_1,25000,0.46299999952316284,4,8,1
associative_retrieval_v2,,/home/jovyan/rmt/wip/base_models/gptconfigs/neox_tiny.json,base_models.modeling_gpt_neox:GPTNeoXForCausalLM,decoder,0.0001,2048,linear,2,,2,../runs/associative_retrieval_v2//lr1e-04_linear_adamw_wd1e-03_k4-v8-p1-2x2048_mem2_bs2048_regular_bptt-2/run_1,50000,0.5184444189071655,4,8,1
associative_retrieval_v2,,/home/jovyan/rmt/wip/base_models/gptconfigs/neox_tiny.json,base_models.modeling_gpt_neox:GPTNeoXForCausalLM,decoder,0.0001,2048,linear,2,,2,../runs/associative_retrieval_v2//lr1e-04_linear_adamw_wd1e-03_k4-v8-p1-2x2048_mem2_bs2048_regular_bptt-2/run_2,45000,0.45899999141693115,4,8,1
associative_retrieval_v2,,/home/jovyan/rmt/wip/base_models/gptconfigs/neox_tiny.json,base_models.modeling_gpt_neox:GPTNeoXForCausalLM,decoder,0.0001,2048,linear,2,,2,../runs/associative_retrieval_v2//lr1e-04_linear_adamw_wd1e-03_k4-v8-p1-2x2048_mem2_bs2048_regular_bptt-2/run_3,50000,0.5332221984863281,4,8,1
associative_retrieval_v2,,/home/jovyan/rmt/wip/base_models/gptconfigs/neox_tiny.json,base_models.modeling_gpt_neox:GPTNeoXForCausalLM,decoder,0.0001,2048,linear,2,,4,../runs/associative_retrieval_v2//lr1e-04_linear_adamw_wd1e-03_k4-v1-p1-2x2048_mem4_bs2048_regular_bptt-2/run_1,21250,0.5,4,1,1
associative_retrieval_v2,,/home/jovyan/rmt/wip/base_models/gptconfigs/neox_tiny.json,base_models.modeling_gpt_neox:GPTNeoXForCausalLM,decoder,0.0001,2048,linear,2,,4,../runs/associative_retrieval_v2//lr1e-04_linear_adamw_wd1e-03_k4-v1-p1-2x2048_mem4_bs2048_regular_bptt-2/run_2,42500,0.5,4,1,1
associative_retrieval_v2,,/home/jovyan/rmt/wip/base_models/gptconfigs/neox_tiny.json,base_models.modeling_gpt_neox:GPTNeoXForCausalLM,decoder,0.0001,2048,linear,2,,4,../runs/associative_retrieval_v2//lr1e-04_linear_adamw_wd1e-03_k4-v1-p1-2x2048_mem4_bs2048_regular_bptt-2/run_3,42500,0.5,4,1,1
associative_retrieval_v2,,/home/jovyan/rmt/wip/base_models/gptconfigs/neox_tiny.json,base_models.modeling_gpt_neox:GPTNeoXForCausalLM,decoder,0.0001,2048,linear,2,,4,../runs/associative_retrieval_v2//lr1e-04_linear_adamw_wd1e-03_k4-v2-p1-2x2048_mem4_bs2048_regular_bptt-2/run_1,21250,0.6636666655540466,4,2,1
associative_retrieval_v2,,/home/jovyan/rmt/wip/base_models/gptconfigs/neox_tiny.json,base_models.modeling_gpt_neox:GPTNeoXForCausalLM,decoder,0.0001,2048,linear,2,,4,../runs/associative_retrieval_v2//lr1e-04_linear_adamw_wd1e-03_k4-v2-p1-2x2048_mem4_bs2048_regular_bptt-2/run_2,17500,0.6639999747276306,4,2,1
associative_retrieval_v2,,/home/jovyan/rmt/wip/base_models/gptconfigs/neox_tiny.json,base_models.modeling_gpt_neox:GPTNeoXForCausalLM,decoder,0.0001,2048,linear,2,,4,../runs/associative_retrieval_v2//lr1e-04_linear_adamw_wd1e-03_k4-v2-p1-2x2048_mem4_bs2048_regular_bptt-2/run_3,2500,0.08500000089406967,4,2,1
associative_retrieval_v2,,/home/jovyan/rmt/wip/base_models/gptconfigs/neox_tiny.json,base_models.modeling_gpt_neox:GPTNeoXForCausalLM,decoder,0.0001,2048,linear,2,,4,../runs/associative_retrieval_v2//lr1e-04_linear_adamw_wd1e-03_k4-v4-p1-2x2048_mem4_bs2048_regular_bptt-2/run_1,25000,0.8126000165939331,4,4,1
associative_retrieval_v2,,/home/jovyan/rmt/wip/base_models/gptconfigs/neox_tiny.json,base_models.modeling_gpt_neox:GPTNeoXForCausalLM,decoder,0.0001,2048,linear,2,,4,../runs/associative_retrieval_v2//lr1e-04_linear_adamw_wd1e-03_k4-v4-p1-2x2048_mem4_bs2048_regular_bptt-2/run_2,40000,0.038600001484155655,4,4,1
associative_retrieval_v2,,/home/jovyan/rmt/wip/base_models/gptconfigs/neox_tiny.json,base_models.modeling_gpt_neox:GPTNeoXForCausalLM,decoder,0.0001,2048,linear,2,,4,../runs/associative_retrieval_v2//lr1e-04_linear_adamw_wd1e-03_k4-v4-p1-2x2048_mem4_bs2048_regular_bptt-2/run_3,45000,0.8126000165939331,4,4,1
associative_retrieval_v2,,/home/jovyan/rmt/wip/base_models/gptconfigs/neox_tiny.json,base_models.modeling_gpt_neox:GPTNeoXForCausalLM,decoder,0.0001,2048,linear,2,,4,../runs/associative_retrieval_v2//lr1e-04_linear_adamw_wd1e-03_k4-v8-p1-2x2048_mem4_bs2048_regular_bptt-2/run_1,25000,0.46222221851348877,4,8,1
associative_retrieval_v2,,/home/jovyan/rmt/wip/base_models/gptconfigs/neox_tiny.json,base_models.modeling_gpt_neox:GPTNeoXForCausalLM,decoder,0.0001,2048,linear,2,,4,../runs/associative_retrieval_v2//lr1e-04_linear_adamw_wd1e-03_k4-v8-p1-2x2048_mem4_bs2048_regular_bptt-2/run_2,42500,0.5183333158493042,4,8,1
associative_retrieval_v2,,/home/jovyan/rmt/wip/base_models/gptconfigs/neox_tiny.json,base_models.modeling_gpt_neox:GPTNeoXForCausalLM,decoder,0.0001,2048,linear,2,,4,../runs/associative_retrieval_v2//lr1e-04_linear_adamw_wd1e-03_k4-v8-p1-2x2048_mem4_bs2048_regular_bptt-2/run_3,50000,0.8412222266197205,4,8,1
associative_retrieval_v2,,/home/jovyan/rmt/wip/base_models/gptconfigs/neox_tiny.json,base_models.modeling_gpt_neox:GPTNeoXForCausalLM,decoder,0.0001,2048,linear,2,,8,../runs/associative_retrieval_v2//lr1e-04_linear_adamw_wd1e-03_k4-v1-p1-2x2048_mem8_bs2048_regular_bptt-2/run_1,21250,0.5,4,1,1
associative_retrieval_v2,,/home/jovyan/rmt/wip/base_models/gptconfigs/neox_tiny.json,base_models.modeling_gpt_neox:GPTNeoXForCausalLM,decoder,0.0001,2048,linear,2,,8,../runs/associative_retrieval_v2//lr1e-04_linear_adamw_wd1e-03_k4-v1-p1-2x2048_mem8_bs2048_regular_bptt-2/run_2,42500,0.5,4,1,1
associative_retrieval_v2,,/home/jovyan/rmt/wip/base_models/gptconfigs/neox_tiny.json,base_models.modeling_gpt_neox:GPTNeoXForCausalLM,decoder,0.0001,2048,linear,2,,8,../runs/associative_retrieval_v2//lr1e-04_linear_adamw_wd1e-03_k4-v1-p1-2x2048_mem8_bs2048_regular_bptt-2/run_3,42500,0.5,4,1,1
associative_retrieval_v2,,/home/jovyan/rmt/wip/base_models/gptconfigs/neox_tiny.json,base_models.modeling_gpt_neox:GPTNeoXForCausalLM,decoder,0.0001,2048,linear,2,,8,../runs/associative_retrieval_v2//lr1e-04_linear_adamw_wd1e-03_k4-v2-p1-2x2048_mem8_bs2048_regular_bptt-2/run_1,22500,0.6973333358764648,4,2,1
associative_retrieval_v2,,/home/jovyan/rmt/wip/base_models/gptconfigs/neox_tiny.json,base_models.modeling_gpt_neox:GPTNeoXForCausalLM,decoder,0.0001,2048,linear,2,,8,../runs/associative_retrieval_v2//lr1e-04_linear_adamw_wd1e-03_k4-v2-p1-2x2048_mem8_bs2048_regular_bptt-2/run_2,50000,0.6869999766349792,4,2,1
associative_retrieval_v2,,/home/jovyan/rmt/wip/base_models/gptconfigs/neox_tiny.json,base_models.modeling_gpt_neox:GPTNeoXForCausalLM,decoder,0.0001,2048,linear,2,,8,../runs/associative_retrieval_v2//lr1e-04_linear_adamw_wd1e-03_k4-v2-p1-2x2048_mem8_bs2048_regular_bptt-2/run_3,50000,0.6869999766349792,4,2,1
associative_retrieval_v2,,/home/jovyan/rmt/wip/base_models/gptconfigs/neox_tiny.json,base_models.modeling_gpt_neox:GPTNeoXForCausalLM,decoder,0.0001,2048,linear,2,,8,../runs/associative_retrieval_v2//lr1e-04_linear_adamw_wd1e-03_k4-v4-p1-2x2048_mem8_bs2048_regular_bptt-2/run_1,25000,0.8202000260353088,4,4,1
associative_retrieval_v2,,/home/jovyan/rmt/wip/base_models/gptconfigs/neox_tiny.json,base_models.modeling_gpt_neox:GPTNeoXForCausalLM,decoder,0.0001,2048,linear,2,,8,../runs/associative_retrieval_v2//lr1e-04_linear_adamw_wd1e-03_k4-v4-p1-2x2048_mem8_bs2048_regular_bptt-2/run_2,45000,0.8203999996185303,4,4,1
associative_retrieval_v2,,/home/jovyan/rmt/wip/base_models/gptconfigs/neox_tiny.json,base_models.modeling_gpt_neox:GPTNeoXForCausalLM,decoder,0.0001,2048,linear,2,,8,../runs/associative_retrieval_v2//lr1e-04_linear_adamw_wd1e-03_k4-v4-p1-2x2048_mem8_bs2048_regular_bptt-2/run_3,47500,0.8126000165939331,4,4,1
associative_retrieval_v2,,/home/jovyan/rmt/wip/base_models/gptconfigs/neox_tiny.json,base_models.modeling_gpt_neox:GPTNeoXForCausalLM,decoder,0.0001,2048,linear,2,,8,../runs/associative_retrieval_v2//lr1e-04_linear_adamw_wd1e-03_k4-v8-p1-2x2048_mem8_bs2048_regular_bptt-2/run_1,25000,0.8972222208976746,4,8,1
associative_retrieval_v2,,/home/jovyan/rmt/wip/base_models/gptconfigs/neox_tiny.json,base_models.modeling_gpt_neox:GPTNeoXForCausalLM,decoder,0.0001,2048,linear,2,,8,../runs/associative_retrieval_v2//lr1e-04_linear_adamw_wd1e-03_k4-v8-p1-2x2048_mem8_bs2048_regular_bptt-2/run_2,45000,0.8997777700424194,4,8,1
associative_retrieval_v2,,/home/jovyan/rmt/wip/base_models/gptconfigs/neox_tiny.json,base_models.modeling_gpt_neox:GPTNeoXForCausalLM,decoder,0.0001,2048,linear,2,,8,../runs/associative_retrieval_v2//lr1e-04_linear_adamw_wd1e-03_k4-v8-p1-2x2048_mem8_bs2048_regular_bptt-2/run_3,50000,0.8918889164924622,4,8,1
associative_retrieval_v2,,/home/jovyan/rmt/wip/base_models/gptconfigs/neox_tiny_4l4h.json,base_models.modeling_gpt_neox:GPTNeoXForCausalLM,decoder,0.0001,2048,linear,2,,1,../runs/associative_retrieval_v2//lr1e-04_linear_adamw_wd1e-03_k4-v1-p1-2x2048_mem1_bs2048_regular_bptt-2_2l2h/run_1,21250,0.5,4,1,1
associative_retrieval_v2,,/home/jovyan/rmt/wip/base_models/gptconfigs/neox_tiny_4l4h.json,base_models.modeling_gpt_neox:GPTNeoXForCausalLM,decoder,0.0001,2048,linear,2,,1,../runs/associative_retrieval_v2//lr1e-04_linear_adamw_wd1e-03_k4-v1-p1-2x2048_mem1_bs2048_regular_bptt-2_2l2h/run_1,21250,0.5,4,1,1
associative_retrieval_v2,,/home/jovyan/rmt/wip/base_models/gptconfigs/neox_tiny_4l4h.json,base_models.modeling_gpt_neox:GPTNeoXForCausalLM,decoder,0.0001,2048,linear,2,,1,../runs/associative_retrieval_v2//lr1e-04_linear_adamw_wd1e-03_k4-v1-p1-2x2048_mem1_bs2048_regular_bptt-2_2l2h/run_1,42500,0.5,4,1,1
associative_retrieval_v2,,/home/jovyan/rmt/wip/base_models/gptconfigs/neox_tiny_4l4h.json,base_models.modeling_gpt_neox:GPTNeoXForCausalLM,decoder,0.0001,2048,linear,2,,1,../runs/associative_retrieval_v2//lr1e-04_linear_adamw_wd1e-03_k4-v1-p1-2x2048_mem1_bs2048_regular_bptt-2_2l2h/run_2,42500,0.5,4,1,1
associative_retrieval_v2,,/home/jovyan/rmt/wip/base_models/gptconfigs/neox_tiny_4l4h.json,base_models.modeling_gpt_neox:GPTNeoXForCausalLM,decoder,0.0001,2048,linear,2,,1,../runs/associative_retrieval_v2//lr1e-04_linear_adamw_wd1e-03_k4-v1-p1-2x2048_mem1_bs2048_regular_bptt-2_2l2h/run_2,42500,0.5,4,1,1
associative_retrieval_v2,,/home/jovyan/rmt/wip/base_models/gptconfigs/neox_tiny_4l4h.json,base_models.modeling_gpt_neox:GPTNeoXForCausalLM,decoder,0.0001,2048,linear,2,,1,../runs/associative_retrieval_v2//lr1e-04_linear_adamw_wd1e-03_k4-v1-p1-2x2048_mem1_bs2048_regular_bptt-2_2l2h/run_3,42500,0.5,4,1,1
associative_retrieval_v2,,/home/jovyan/rmt/wip/base_models/gptconfigs/neox_tiny_4l4h.json,base_models.modeling_gpt_neox:GPTNeoXForCausalLM,decoder,0.0001,2048,linear,2,,1,../runs/associative_retrieval_v2//lr1e-04_linear_adamw_wd1e-03_k4-v1-p1-2x2048_mem1_bs2048_regular_bptt-2_2l2h/run_3,42500,0.5,4,1,1
associative_retrieval_v2,,/home/jovyan/rmt/wip/base_models/gptconfigs/neox_tiny_4l4h.json,base_models.modeling_gpt_neox:GPTNeoXForCausalLM,decoder,0.0001,2048,linear,2,,1,../runs/associative_retrieval_v2//lr1e-04_linear_adamw_wd1e-03_k4-v2-p1-2x2048_mem1_bs2048_regular_bptt-2_2l2h/run_1,1250,0.010999999940395355,4,2,1
associative_retrieval_v2,,/home/jovyan/rmt/wip/base_models/gptconfigs/neox_tiny_4l4h.json,base_models.modeling_gpt_neox:GPTNeoXForCausalLM,decoder,0.0001,2048,linear,2,,1,../runs/associative_retrieval_v2//lr1e-04_linear_adamw_wd1e-03_k4-v2-p1-2x2048_mem1_bs2048_regular_bptt-2_2l2h/run_1,21250,0.6869999766349792,4,2,1
associative_retrieval_v2,,/home/jovyan/rmt/wip/base_models/gptconfigs/neox_tiny_4l4h.json,base_models.modeling_gpt_neox:GPTNeoXForCausalLM,decoder,0.0001,2048,linear,2,,1,../runs/associative_retrieval_v2//lr1e-04_linear_adamw_wd1e-03_k4-v2-p1-2x2048_mem1_bs2048_regular_bptt-2_2l2h/run_1,50000,0.6869999766349792,4,2,1
associative_retrieval_v2,,/home/jovyan/rmt/wip/base_models/gptconfigs/neox_tiny_4l4h.json,base_models.modeling_gpt_neox:GPTNeoXForCausalLM,decoder,0.0001,2048,linear,2,,1,../runs/associative_retrieval_v2//lr1e-04_linear_adamw_wd1e-03_k4-v2-p1-2x2048_mem1_bs2048_regular_bptt-2_2l2h/run_2,17500,0.33500000834465027,4,2,1
associative_retrieval_v2,,/home/jovyan/rmt/wip/base_models/gptconfigs/neox_tiny_4l4h.json,base_models.modeling_gpt_neox:GPTNeoXForCausalLM,decoder,0.0001,2048,linear,2,,1,../runs/associative_retrieval_v2//lr1e-04_linear_adamw_wd1e-03_k4-v2-p1-2x2048_mem1_bs2048_regular_bptt-2_2l2h/run_2,42500,0.6869999766349792,4,2,1
associative_retrieval_v2,,/home/jovyan/rmt/wip/base_models/gptconfigs/neox_tiny_4l4h.json,base_models.modeling_gpt_neox:GPTNeoXForCausalLM,decoder,0.0001,2048,linear,2,,1,../runs/associative_retrieval_v2//lr1e-04_linear_adamw_wd1e-03_k4-v2-p1-2x2048_mem1_bs2048_regular_bptt-2_2l2h/run_3,50000,0.67166668176651,4,2,1
associative_retrieval_v2,,/home/jovyan/rmt/wip/base_models/gptconfigs/neox_tiny_4l4h.json,base_models.modeling_gpt_neox:GPTNeoXForCausalLM,decoder,0.0001,2048,linear,2,,1,../runs/associative_retrieval_v2//lr1e-04_linear_adamw_wd1e-03_k4-v2-p1-2x2048_mem1_bs2048_regular_bptt-2_2l2h/run_3,50000,0.684333324432373,4,2,1
associative_retrieval_v2,,/home/jovyan/rmt/wip/base_models/gptconfigs/neox_tiny_4l4h.json,base_models.modeling_gpt_neox:GPTNeoXForCausalLM,decoder,0.0001,2048,linear,2,,1,../runs/associative_retrieval_v2//lr1e-04_linear_adamw_wd1e-03_k4-v8-p1-2x2048_mem1_bs2048_regular_bptt-2_2l2h/run_1,25000,0.8349999785423279,4,8,1
associative_retrieval_v2,,/home/jovyan/rmt/wip/base_models/gptconfigs/neox_tiny_4l4h.json,base_models.modeling_gpt_neox:GPTNeoXForCausalLM,decoder,0.0001,2048,linear,2,,1,../runs/associative_retrieval_v2//lr1e-04_linear_adamw_wd1e-03_k4-v8-p1-2x2048_mem1_bs2048_regular_bptt-2_2l2h/run_1,25000,0.8428888916969299,4,8,1
associative_retrieval_v2,,/home/jovyan/rmt/wip/base_models/gptconfigs/neox_tiny_4l4h.json,base_models.modeling_gpt_neox:GPTNeoXForCausalLM,decoder,0.0001,2048,linear,2,,1,../runs/associative_retrieval_v2//lr1e-04_linear_adamw_wd1e-03_k4-v8-p1-2x2048_mem1_bs2048_regular_bptt-2_2l2h/run_1,50000,0.7201111316680908,4,8,1
associative_retrieval_v2,,/home/jovyan/rmt/wip/base_models/gptconfigs/neox_tiny_4l4h.json,base_models.modeling_gpt_neox:GPTNeoXForCausalLM,decoder,0.0001,2048,linear,2,,1,../runs/associative_retrieval_v2//lr1e-04_linear_adamw_wd1e-03_k4-v8-p1-2x2048_mem1_bs2048_regular_bptt-2_2l2h/run_2,47500,0.7771111130714417,4,8,1
associative_retrieval_v2,,/home/jovyan/rmt/wip/base_models/gptconfigs/neox_tiny_4l4h.json,base_models.modeling_gpt_neox:GPTNeoXForCausalLM,decoder,0.0001,2048,linear,2,,1,../runs/associative_retrieval_v2//lr1e-04_linear_adamw_wd1e-03_k4-v8-p1-2x2048_mem1_bs2048_regular_bptt-2_2l2h/run_2,45000,0.6466666460037231,4,8,1
associative_retrieval_v2,,/home/jovyan/rmt/wip/base_models/gptconfigs/neox_tiny_4l4h.json,base_models.modeling_gpt_neox:GPTNeoXForCausalLM,decoder,0.0001,2048,linear,2,,1,../runs/associative_retrieval_v2//lr1e-04_linear_adamw_wd1e-03_k4-v8-p1-2x2048_mem1_bs2048_regular_bptt-2_2l2h/run_3,45000,0.6508888602256775,4,8,1
associative_retrieval_v2,,/home/jovyan/rmt/wip/base_models/gptconfigs/neox_tiny_4l4h.json,base_models.modeling_gpt_neox:GPTNeoXForCausalLM,decoder,0.0001,2048,linear,2,,1,../runs/associative_retrieval_v2//lr1e-04_linear_adamw_wd1e-03_k4-v8-p1-2x2048_mem1_bs2048_regular_bptt-2_2l2h/run_3,45000,0.7848888635635376,4,8,1
associative_retrieval_v2,,/home/jovyan/rmt/wip/base_models/gptconfigs/neox_tiny_4l4h.json,base_models.modeling_gpt_neox:GPTNeoXForCausalLM,decoder,0.0001,2048,linear,2,,2,../runs/associative_retrieval_v2//lr1e-04_linear_adamw_wd1e-03_k4-v1-p1-2x2048_mem2_bs2048_regular_bptt-2_2l2h/run_1,21250,0.5,4,1,1
associative_retrieval_v2,,/home/jovyan/rmt/wip/base_models/gptconfigs/neox_tiny_4l4h.json,base_models.modeling_gpt_neox:GPTNeoXForCausalLM,decoder,0.0001,2048,linear,2,,2,../runs/associative_retrieval_v2//lr1e-04_linear_adamw_wd1e-03_k4-v1-p1-2x2048_mem2_bs2048_regular_bptt-2_2l2h/run_1,21250,0.5,4,1,1
associative_retrieval_v2,,/home/jovyan/rmt/wip/base_models/gptconfigs/neox_tiny_4l4h.json,base_models.modeling_gpt_neox:GPTNeoXForCausalLM,decoder,0.0001,2048,linear,2,,2,../runs/associative_retrieval_v2//lr1e-04_linear_adamw_wd1e-03_k4-v1-p1-2x2048_mem2_bs2048_regular_bptt-2_2l2h/run_1,42500,0.5,4,1,1
associative_retrieval_v2,,/home/jovyan/rmt/wip/base_models/gptconfigs/neox_tiny_4l4h.json,base_models.modeling_gpt_neox:GPTNeoXForCausalLM,decoder,0.0001,2048,linear,2,,2,../runs/associative_retrieval_v2//lr1e-04_linear_adamw_wd1e-03_k4-v1-p1-2x2048_mem2_bs2048_regular_bptt-2_2l2h/run_2,42500,0.5,4,1,1
associative_retrieval_v2,,/home/jovyan/rmt/wip/base_models/gptconfigs/neox_tiny_4l4h.json,base_models.modeling_gpt_neox:GPTNeoXForCausalLM,decoder,0.0001,2048,linear,2,,2,../runs/associative_retrieval_v2//lr1e-04_linear_adamw_wd1e-03_k4-v1-p1-2x2048_mem2_bs2048_regular_bptt-2_2l2h/run_2,42500,0.5,4,1,1
associative_retrieval_v2,,/home/jovyan/rmt/wip/base_models/gptconfigs/neox_tiny_4l4h.json,base_models.modeling_gpt_neox:GPTNeoXForCausalLM,decoder,0.0001,2048,linear,2,,2,../runs/associative_retrieval_v2//lr1e-04_linear_adamw_wd1e-03_k4-v1-p1-2x2048_mem2_bs2048_regular_bptt-2_2l2h/run_3,42500,0.5,4,1,1
associative_retrieval_v2,,/home/jovyan/rmt/wip/base_models/gptconfigs/neox_tiny_4l4h.json,base_models.modeling_gpt_neox:GPTNeoXForCausalLM,decoder,0.0001,2048,linear,2,,2,../runs/associative_retrieval_v2//lr1e-04_linear_adamw_wd1e-03_k4-v1-p1-2x2048_mem2_bs2048_regular_bptt-2_2l2h/run_3,42500,0.5,4,1,1
associative_retrieval_v2,,/home/jovyan/rmt/wip/base_models/gptconfigs/neox_tiny_4l4h.json,base_models.modeling_gpt_neox:GPTNeoXForCausalLM,decoder,0.0001,2048,linear,2,,2,../runs/associative_retrieval_v2//lr1e-04_linear_adamw_wd1e-03_k4-v2-p1-2x2048_mem2_bs2048_regular_bptt-2_2l2h/run_1,21250,0.6636666655540466,4,2,1
associative_retrieval_v2,,/home/jovyan/rmt/wip/base_models/gptconfigs/neox_tiny_4l4h.json,base_models.modeling_gpt_neox:GPTNeoXForCausalLM,decoder,0.0001,2048,linear,2,,2,../runs/associative_retrieval_v2//lr1e-04_linear_adamw_wd1e-03_k4-v2-p1-2x2048_mem2_bs2048_regular_bptt-2_2l2h/run_1,25000,0.6916666626930237,4,2,1
associative_retrieval_v2,,/home/jovyan/rmt/wip/base_models/gptconfigs/neox_tiny_4l4h.json,base_models.modeling_gpt_neox:GPTNeoXForCausalLM,decoder,0.0001,2048,linear,2,,2,../runs/associative_retrieval_v2//lr1e-04_linear_adamw_wd1e-03_k4-v2-p1-2x2048_mem2_bs2048_regular_bptt-2_2l2h/run_1,47500,0.6869999766349792,4,2,1
associative_retrieval_v2,,/home/jovyan/rmt/wip/base_models/gptconfigs/neox_tiny_4l4h.json,base_models.modeling_gpt_neox:GPTNeoXForCausalLM,decoder,0.0001,2048,linear,2,,2,../runs/associative_retrieval_v2//lr1e-04_linear_adamw_wd1e-03_k4-v2-p1-2x2048_mem2_bs2048_regular_bptt-2_2l2h/run_2,2500,0.006000000052154064,4,2,1
associative_retrieval_v2,,/home/jovyan/rmt/wip/base_models/gptconfigs/neox_tiny_4l4h.json,base_models.modeling_gpt_neox:GPTNeoXForCausalLM,decoder,0.0001,2048,linear,2,,2,../runs/associative_retrieval_v2//lr1e-04_linear_adamw_wd1e-03_k4-v2-p1-2x2048_mem2_bs2048_regular_bptt-2_2l2h/run_2,2500,0.00566666666418314,4,2,1
associative_retrieval_v2,,/home/jovyan/rmt/wip/base_models/gptconfigs/neox_tiny_4l4h.json,base_models.modeling_gpt_neox:GPTNeoXForCausalLM,decoder,0.0001,2048,linear,2,,2,../runs/associative_retrieval_v2//lr1e-04_linear_adamw_wd1e-03_k4-v2-p1-2x2048_mem2_bs2048_regular_bptt-2_2l2h/run_3,42500,0.6636666655540466,4,2,1
associative_retrieval_v2,,/home/jovyan/rmt/wip/base_models/gptconfigs/neox_tiny_4l4h.json,base_models.modeling_gpt_neox:GPTNeoXForCausalLM,decoder,0.0001,2048,linear,2,,2,../runs/associative_retrieval_v2//lr1e-04_linear_adamw_wd1e-03_k4-v2-p1-2x2048_mem2_bs2048_regular_bptt-2_2l2h/run_3,50000,0.6869999766349792,4,2,1
associative_retrieval_v2,,/home/jovyan/rmt/wip/base_models/gptconfigs/neox_tiny_2l2h.json,base_models.modeling_gpt_neox:GPTNeoXForCausalLM,decoder,0.0001,2048,linear,2,,2,../runs/associative_retrieval_v2//lr1e-04_linear_adamw_wd1e-03_k4-v4-p1-2x2048_mem2_bs2048_regular_bptt-2_2l2h/run_1,25000,0.8127999901771545,4,4,1
associative_retrieval_v2,,/home/jovyan/rmt/wip/base_models/gptconfigs/neox_tiny_2l2h.json,base_models.modeling_gpt_neox:GPTNeoXForCausalLM,decoder,0.0001,2048,linear,2,,2,../runs/associative_retrieval_v2//lr1e-04_linear_adamw_wd1e-03_k4-v4-p1-2x2048_mem2_bs2048_regular_bptt-2_2l2h/run_1,25000,0.8064000010490417,4,4,1
associative_retrieval_v2,,/home/jovyan/rmt/wip/base_models/gptconfigs/neox_tiny_2l2h.json,base_models.modeling_gpt_neox:GPTNeoXForCausalLM,decoder,0.0001,2048,linear,2,,2,../runs/associative_retrieval_v2//lr1e-04_linear_adamw_wd1e-03_k4-v4-p1-2x2048_mem2_bs2048_regular_bptt-2_2l2h/run_1,50000,0.8109999895095825,4,4,1
associative_retrieval_v2,,/home/jovyan/rmt/wip/base_models/gptconfigs/neox_tiny_2l2h.json,base_models.modeling_gpt_neox:GPTNeoXForCausalLM,decoder,0.0001,2048,linear,2,,2,../runs/associative_retrieval_v2//lr1e-04_linear_adamw_wd1e-03_k4-v4-p1-2x2048_mem2_bs2048_regular_bptt-2_2l2h/run_1,150000,0.8141999840736389,4,4,1
associative_retrieval_v2,,/home/jovyan/rmt/wip/base_models/gptconfigs/neox_tiny_4l4h.json,base_models.modeling_gpt_neox:GPTNeoXForCausalLM,decoder,0.0001,2048,linear,2,,2,../runs/associative_retrieval_v2//lr1e-04_linear_adamw_wd1e-03_k4-v4-p1-2x2048_mem2_bs2048_regular_bptt-2_2l2h/run_2,42500,0.8126000165939331,4,4,1
associative_retrieval_v2,,/home/jovyan/rmt/wip/base_models/gptconfigs/neox_tiny_4l4h.json,base_models.modeling_gpt_neox:GPTNeoXForCausalLM,decoder,0.0001,2048,linear,2,,2,../runs/associative_retrieval_v2//lr1e-04_linear_adamw_wd1e-03_k4-v4-p1-2x2048_mem2_bs2048_regular_bptt-2_2l2h/run_2,50000,0.8127999901771545,4,4,1
associative_retrieval_v2,,/home/jovyan/rmt/wip/base_models/gptconfigs/neox_tiny_4l4h.json,base_models.modeling_gpt_neox:GPTNeoXForCausalLM,decoder,0.0001,2048,linear,2,,2,../runs/associative_retrieval_v2//lr1e-04_linear_adamw_wd1e-03_k4-v4-p1-2x2048_mem2_bs2048_regular_bptt-2_2l2h/run_3,42500,0.8126000165939331,4,4,1
associative_retrieval_v2,,/home/jovyan/rmt/wip/base_models/gptconfigs/neox_tiny_4l4h.json,base_models.modeling_gpt_neox:GPTNeoXForCausalLM,decoder,0.0001,2048,linear,2,,2,../runs/associative_retrieval_v2//lr1e-04_linear_adamw_wd1e-03_k4-v4-p1-2x2048_mem2_bs2048_regular_bptt-2_2l2h/run_3,50000,0.8113999962806702,4,4,1
associative_retrieval_v2,,/home/jovyan/rmt/wip/base_models/gptconfigs/neox_tiny_4l4h.json,base_models.modeling_gpt_neox:GPTNeoXForCausalLM,decoder,0.0001,2048,linear,2,,2,../runs/associative_retrieval_v2//lr1e-04_linear_adamw_wd1e-03_k4-v8-p1-2x2048_mem2_bs2048_regular_bptt-2_2l2h/run_1,21250,0.5924444198608398,4,8,1
associative_retrieval_v2,,/home/jovyan/rmt/wip/base_models/gptconfigs/neox_tiny_4l4h.json,base_models.modeling_gpt_neox:GPTNeoXForCausalLM,decoder,0.0001,2048,linear,2,,2,../runs/associative_retrieval_v2//lr1e-04_linear_adamw_wd1e-03_k4-v8-p1-2x2048_mem2_bs2048_regular_bptt-2_2l2h/run_1,25000,0.6908888816833496,4,8,1
associative_retrieval_v2,,/home/jovyan/rmt/wip/base_models/gptconfigs/neox_tiny_4l4h.json,base_models.modeling_gpt_neox:GPTNeoXForCausalLM,decoder,0.0001,2048,linear,2,,2,../runs/associative_retrieval_v2//lr1e-04_linear_adamw_wd1e-03_k4-v8-p1-2x2048_mem2_bs2048_regular_bptt-2_2l2h/run_1,50000,0.6579999923706055,4,8,1
associative_retrieval_v2,,/home/jovyan/rmt/wip/base_models/gptconfigs/neox_tiny_4l4h.json,base_models.modeling_gpt_neox:GPTNeoXForCausalLM,decoder,0.0001,2048,linear,2,,2,../runs/associative_retrieval_v2//lr1e-04_linear_adamw_wd1e-03_k4-v8-p1-2x2048_mem2_bs2048_regular_bptt-2_2l2h/run_2,45000,0.8199999928474426,4,8,1
associative_retrieval_v2,,/home/jovyan/rmt/wip/base_models/gptconfigs/neox_tiny_4l4h.json,base_models.modeling_gpt_neox:GPTNeoXForCausalLM,decoder,0.0001,2048,linear,2,,2,../runs/associative_retrieval_v2//lr1e-04_linear_adamw_wd1e-03_k4-v8-p1-2x2048_mem2_bs2048_regular_bptt-2_2l2h/run_2,47500,0.7068889141082764,4,8,1
associative_retrieval_v2,,/home/jovyan/rmt/wip/base_models/gptconfigs/neox_tiny_4l4h.json,base_models.modeling_gpt_neox:GPTNeoXForCausalLM,decoder,0.0001,2048,linear,2,,2,../runs/associative_retrieval_v2//lr1e-04_linear_adamw_wd1e-03_k4-v8-p1-2x2048_mem2_bs2048_regular_bptt-2_2l2h/run_3,42500,0.8111110925674438,4,8,1
associative_retrieval_v2,,/home/jovyan/rmt/wip/base_models/gptconfigs/neox_tiny_4l4h.json,base_models.modeling_gpt_neox:GPTNeoXForCausalLM,decoder,0.0001,2048,linear,2,,2,../runs/associative_retrieval_v2//lr1e-04_linear_adamw_wd1e-03_k4-v8-p1-2x2048_mem2_bs2048_regular_bptt-2_2l2h/run_3,45000,0.7135555744171143,4,8,1
associative_retrieval_v2,,/home/jovyan/rmt/wip/base_models/gptconfigs/neox_tiny_4l4h.json,base_models.modeling_gpt_neox:GPTNeoXForCausalLM,decoder,0.0001,2048,linear,2,,4,../runs/associative_retrieval_v2//lr1e-04_linear_adamw_wd1e-03_k4-v1-p1-2x2048_mem4_bs2048_regular_bptt-2_2l2h/run_1,21250,0.5,4,1,1
associative_retrieval_v2,,/home/jovyan/rmt/wip/base_models/gptconfigs/neox_tiny_4l4h.json,base_models.modeling_gpt_neox:GPTNeoXForCausalLM,decoder,0.0001,2048,linear,2,,4,../runs/associative_retrieval_v2//lr1e-04_linear_adamw_wd1e-03_k4-v1-p1-2x2048_mem4_bs2048_regular_bptt-2_2l2h/run_1,21250,0.5,4,1,1
associative_retrieval_v2,,/home/jovyan/rmt/wip/base_models/gptconfigs/neox_tiny_4l4h.json,base_models.modeling_gpt_neox:GPTNeoXForCausalLM,decoder,0.0001,2048,linear,2,,4,../runs/associative_retrieval_v2//lr1e-04_linear_adamw_wd1e-03_k4-v1-p1-2x2048_mem4_bs2048_regular_bptt-2_2l2h/run_1,28500,0.5,4,1,1
associative_retrieval_v2,,/home/jovyan/rmt/wip/base_models/gptconfigs/neox_tiny_2l2h.json,base_models.modeling_gpt_neox:GPTNeoXForCausalLM,decoder,0.0001,2048,linear,2,,4,../runs/associative_retrieval_v2//lr1e-04_linear_adamw_wd1e-03_k4-v1-p1-2x2048_mem4_bs2048_regular_bptt-2_2l2h/run_2,42500,0.5,4,1,1
associative_retrieval_v2,,/home/jovyan/rmt/wip/base_models/gptconfigs/neox_tiny_2l2h.json,base_models.modeling_gpt_neox:GPTNeoXForCausalLM,decoder,0.0001,2048,linear,2,,4,../runs/associative_retrieval_v2//lr1e-04_linear_adamw_wd1e-03_k4-v1-p1-2x2048_mem4_bs2048_regular_bptt-2_2l2h/run_3,42500,0.5,4,1,1
associative_retrieval_v2,,/home/jovyan/rmt/wip/base_models/gptconfigs/neox_tiny_4l4h.json,base_models.modeling_gpt_neox:GPTNeoXForCausalLM,decoder,0.0001,2048,linear,2,,4,../runs/associative_retrieval_v2//lr1e-04_linear_adamw_wd1e-03_k4-v2-p1-2x2048_mem4_bs2048_regular_bptt-2_2l2h/run_1,21250,0.6663333177566528,4,2,1
associative_retrieval_v2,,/home/jovyan/rmt/wip/base_models/gptconfigs/neox_tiny_4l4h.json,base_models.modeling_gpt_neox:GPTNeoXForCausalLM,decoder,0.0001,2048,linear,2,,4,../runs/associative_retrieval_v2//lr1e-04_linear_adamw_wd1e-03_k4-v2-p1-2x2048_mem4_bs2048_regular_bptt-2_2l2h/run_1,23750,0.6943333148956299,4,2,1
associative_retrieval_v2,,/home/jovyan/rmt/wip/base_models/gptconfigs/neox_tiny_2l2h.json,base_models.modeling_gpt_neox:GPTNeoXForCausalLM,decoder,0.0001,2048,linear,2,,4,../runs/associative_retrieval_v2//lr1e-04_linear_adamw_wd1e-03_k4-v2-p1-2x2048_mem4_bs2048_regular_bptt-2_2l2h/run_2,50000,0.6869999766349792,4,2,1
associative_retrieval_v2,,/home/jovyan/rmt/wip/base_models/gptconfigs/neox_tiny_2l2h.json,base_models.modeling_gpt_neox:GPTNeoXForCausalLM,decoder,0.0001,2048,linear,2,,4,../runs/associative_retrieval_v2//lr1e-04_linear_adamw_wd1e-03_k4-v2-p1-2x2048_mem4_bs2048_regular_bptt-2_2l2h/run_3,15000,0.3426666557788849,4,2,1
associative_retrieval_v2,,/home/jovyan/rmt/wip/base_models/gptconfigs/neox_tiny_2l2h.json,base_models.modeling_gpt_neox:GPTNeoXForCausalLM,decoder,0.0001,2048,linear,2,,4,../runs/associative_retrieval_v2//lr1e-04_linear_adamw_wd1e-03_k4-v4-p1-2x2048_mem4_bs2048_regular_bptt-2_2l2h/run_1,25000,0.9986000061035156,4,4,1
associative_retrieval_v2,,/home/jovyan/rmt/wip/base_models/gptconfigs/neox_tiny_2l2h.json,base_models.modeling_gpt_neox:GPTNeoXForCausalLM,decoder,0.0001,2048,linear,2,,4,../runs/associative_retrieval_v2//lr1e-04_linear_adamw_wd1e-03_k4-v4-p1-2x2048_mem4_bs2048_regular_bptt-2_2l2h/run_1,25000,0.9589999914169312,4,4,1
associative_retrieval_v2,,/home/jovyan/rmt/wip/base_models/gptconfigs/neox_tiny_2l2h.json,base_models.modeling_gpt_neox:GPTNeoXForCausalLM,decoder,0.0001,2048,linear,2,,4,../runs/associative_retrieval_v2//lr1e-04_linear_adamw_wd1e-03_k4-v4-p1-2x2048_mem4_bs2048_regular_bptt-2_2l2h/run_1,150000,0.8058000206947327,4,4,1
associative_retrieval_v2,,/home/jovyan/rmt/wip/base_models/gptconfigs/neox_tiny_2l2h.json,base_models.modeling_gpt_neox:GPTNeoXForCausalLM,decoder,0.0001,2048,linear,2,,4,../runs/associative_retrieval_v2//lr1e-04_linear_adamw_wd1e-03_k4-v4-p1-2x2048_mem4_bs2048_regular_bptt-2_2l2h/run_2,42500,0.8126000165939331,4,4,1
associative_retrieval_v2,,/home/jovyan/rmt/wip/base_models/gptconfigs/neox_tiny_2l2h.json,base_models.modeling_gpt_neox:GPTNeoXForCausalLM,decoder,0.0001,2048,linear,2,,4,../runs/associative_retrieval_v2//lr1e-04_linear_adamw_wd1e-03_k4-v4-p1-2x2048_mem4_bs2048_regular_bptt-2_2l2h/run_3,50000,0.9954000115394592,4,4,1
associative_retrieval_v2,,/home/jovyan/rmt/wip/base_models/gptconfigs/neox_tiny_4l4h.json,base_models.modeling_gpt_neox:GPTNeoXForCausalLM,decoder,0.0001,2048,linear,2,,4,../runs/associative_retrieval_v2//lr1e-04_linear_adamw_wd1e-03_k4-v8-p1-2x2048_mem4_bs2048_regular_bptt-2_2l2h/run_1,25000,0.8648889064788818,4,8,1
associative_retrieval_v2,,/home/jovyan/rmt/wip/base_models/gptconfigs/neox_tiny_4l4h.json,base_models.modeling_gpt_neox:GPTNeoXForCausalLM,decoder,0.0001,2048,linear,2,,4,../runs/associative_retrieval_v2//lr1e-04_linear_adamw_wd1e-03_k4-v8-p1-2x2048_mem4_bs2048_regular_bptt-2_2l2h/run_1,22500,0.6315555572509766,4,8,1
associative_retrieval_v2,,/home/jovyan/rmt/wip/base_models/gptconfigs/neox_tiny_2l2h.json,base_models.modeling_gpt_neox:GPTNeoXForCausalLM,decoder,0.0001,2048,linear,2,,4,../runs/associative_retrieval_v2//lr1e-04_linear_adamw_wd1e-03_k4-v8-p1-2x2048_mem4_bs2048_regular_bptt-2_2l2h/run_2,50000,0.8730000257492065,4,8,1
associative_retrieval_v2,,/home/jovyan/rmt/wip/base_models/gptconfigs/neox_tiny_2l2h.json,base_models.modeling_gpt_neox:GPTNeoXForCausalLM,decoder,0.0001,2048,linear,2,,4,../runs/associative_retrieval_v2//lr1e-04_linear_adamw_wd1e-03_k4-v8-p1-2x2048_mem4_bs2048_regular_bptt-2_2l2h/run_3,50000,0.809333324432373,4,8,1
associative_retrieval_v2,,/home/jovyan/rmt/wip/base_models/gptconfigs/neox_tiny_4l4h.json,base_models.modeling_gpt_neox:GPTNeoXForCausalLM,decoder,0.0001,2048,linear,2,,8,../runs/associative_retrieval_v2//lr1e-04_linear_adamw_wd1e-03_k4-v1-p1-2x2048_mem8_bs2048_regular_bptt-2_2l2h/run_1,21250,0.5,4,1,1
associative_retrieval_v2,,/home/jovyan/rmt/wip/base_models/gptconfigs/neox_tiny_4l4h.json,base_models.modeling_gpt_neox:GPTNeoXForCausalLM,decoder,0.0001,2048,linear,2,,8,../runs/associative_retrieval_v2//lr1e-04_linear_adamw_wd1e-03_k4-v1-p1-2x2048_mem8_bs2048_regular_bptt-2_2l2h/run_1,21250,0.5,4,1,1
associative_retrieval_v2,,/home/jovyan/rmt/wip/base_models/gptconfigs/neox_tiny_2l2h.json,base_models.modeling_gpt_neox:GPTNeoXForCausalLM,decoder,0.0001,2048,linear,2,,8,../runs/associative_retrieval_v2//lr1e-04_linear_adamw_wd1e-03_k4-v1-p1-2x2048_mem8_bs2048_regular_bptt-2_2l2h/run_2,42500,0.5,4,1,1
associative_retrieval_v2,,/home/jovyan/rmt/wip/base_models/gptconfigs/neox_tiny_2l2h.json,base_models.modeling_gpt_neox:GPTNeoXForCausalLM,decoder,0.0001,2048,linear,2,,8,../runs/associative_retrieval_v2//lr1e-04_linear_adamw_wd1e-03_k4-v1-p1-2x2048_mem8_bs2048_regular_bptt-2_2l2h/run_3,42500,0.5,4,1,1
associative_retrieval_v2,,/home/jovyan/rmt/wip/base_models/gptconfigs/neox_tiny_4l4h.json,base_models.modeling_gpt_neox:GPTNeoXForCausalLM,decoder,0.0001,2048,linear,2,,8,../runs/associative_retrieval_v2//lr1e-04_linear_adamw_wd1e-03_k4-v2-p1-2x2048_mem8_bs2048_regular_bptt-2_2l2h/run_1,25000,0.6800000071525574,4,2,1
associative_retrieval_v2,,/home/jovyan/rmt/wip/base_models/gptconfigs/neox_tiny_4l4h.json,base_models.modeling_gpt_neox:GPTNeoXForCausalLM,decoder,0.0001,2048,linear,2,,8,../runs/associative_retrieval_v2//lr1e-04_linear_adamw_wd1e-03_k4-v2-p1-2x2048_mem8_bs2048_regular_bptt-2_2l2h/run_1,23750,0.6790000200271606,4,2,1
associative_retrieval_v2,,/home/jovyan/rmt/wip/base_models/gptconfigs/neox_tiny_2l2h.json,base_models.modeling_gpt_neox:GPTNeoXForCausalLM,decoder,0.0001,2048,linear,2,,8,../runs/associative_retrieval_v2//lr1e-04_linear_adamw_wd1e-03_k4-v2-p1-2x2048_mem8_bs2048_regular_bptt-2_2l2h/run_2,42500,0.687333345413208,4,2,1
associative_retrieval_v2,,/home/jovyan/rmt/wip/base_models/gptconfigs/neox_tiny_2l2h.json,base_models.modeling_gpt_neox:GPTNeoXForCausalLM,decoder,0.0001,2048,linear,2,,8,../runs/associative_retrieval_v2//lr1e-04_linear_adamw_wd1e-03_k4-v2-p1-2x2048_mem8_bs2048_regular_bptt-2_2l2h/run_3,25000,0.6676666736602783,4,2,1
associative_retrieval_v2,,/home/jovyan/rmt/wip/base_models/gptconfigs/neox_tiny_2l2h.json,base_models.modeling_gpt_neox:GPTNeoXForCausalLM,decoder,0.0001,2048,linear,2,,8,../runs/associative_retrieval_v2//lr1e-04_linear_adamw_wd1e-03_k4-v4-p1-2x2048_mem8_bs2048_regular_bptt-2_2l2h/run_1,21250,0.47999998927116394,4,4,1
associative_retrieval_v2,,/home/jovyan/rmt/wip/base_models/gptconfigs/neox_tiny_2l2h.json,base_models.modeling_gpt_neox:GPTNeoXForCausalLM,decoder,0.0001,2048,linear,2,,8,../runs/associative_retrieval_v2//lr1e-04_linear_adamw_wd1e-03_k4-v4-p1-2x2048_mem8_bs2048_regular_bptt-2_2l2h/run_1,25000,0.8962000012397766,4,4,1
associative_retrieval_v2,,/home/jovyan/rmt/wip/base_models/gptconfigs/neox_tiny_2l2h.json,base_models.modeling_gpt_neox:GPTNeoXForCausalLM,decoder,0.0001,2048,linear,2,,8,../runs/associative_retrieval_v2//lr1e-04_linear_adamw_wd1e-03_k4-v4-p1-2x2048_mem8_bs2048_regular_bptt-2_2l2h/run_1,127500,0.8154000043869019,4,4,1
associative_retrieval_v2,,/home/jovyan/rmt/wip/base_models/gptconfigs/neox_tiny_2l2h.json,base_models.modeling_gpt_neox:GPTNeoXForCausalLM,decoder,0.0001,2048,linear,2,,8,../runs/associative_retrieval_v2//lr1e-04_linear_adamw_wd1e-03_k4-v4-p1-2x2048_mem8_bs2048_regular_bptt-2_2l2h/run_2,42500,0.8256000280380249,4,4,1
associative_retrieval_v2,,/home/jovyan/rmt/wip/base_models/gptconfigs/neox_tiny_2l2h.json,base_models.modeling_gpt_neox:GPTNeoXForCausalLM,decoder,0.0001,2048,linear,2,,8,../runs/associative_retrieval_v2//lr1e-04_linear_adamw_wd1e-03_k4-v4-p1-2x2048_mem8_bs2048_regular_bptt-2_2l2h/run_3,50000,0.9891999959945679,4,4,1
associative_retrieval_v2,,/home/jovyan/rmt/wip/base_models/gptconfigs/neox_tiny_4l4h.json,base_models.modeling_gpt_neox:GPTNeoXForCausalLM,decoder,0.0001,2048,linear,2,,8,../runs/associative_retrieval_v2//lr1e-04_linear_adamw_wd1e-03_k4-v8-p1-2x2048_mem8_bs2048_regular_bptt-2_2l2h/run_1,23750,0.8954444527626038,4,8,1
associative_retrieval_v2,,/home/jovyan/rmt/wip/base_models/gptconfigs/neox_tiny_4l4h.json,base_models.modeling_gpt_neox:GPTNeoXForCausalLM,decoder,0.0001,2048,linear,2,,8,../runs/associative_retrieval_v2//lr1e-04_linear_adamw_wd1e-03_k4-v8-p1-2x2048_mem8_bs2048_regular_bptt-2_2l2h/run_1,23750,0.554444432258606,4,8,1
associative_retrieval_v2,,/home/jovyan/rmt/wip/base_models/gptconfigs/neox_tiny_2l2h.json,base_models.modeling_gpt_neox:GPTNeoXForCausalLM,decoder,0.0001,2048,linear,2,,8,../runs/associative_retrieval_v2//lr1e-04_linear_adamw_wd1e-03_k4-v8-p1-2x2048_mem8_bs2048_regular_bptt-2_2l2h/run_2,50000,0.9994444251060486,4,8,1
associative_retrieval_v2,,/home/jovyan/rmt/wip/base_models/gptconfigs/neox_tiny_2l2h.json,base_models.modeling_gpt_neox:GPTNeoXForCausalLM,decoder,0.0001,2048,linear,2,,8,../runs/associative_retrieval_v2//lr1e-04_linear_adamw_wd1e-03_k4-v8-p1-2x2048_mem8_bs2048_regular_bptt-2_2l2h/run_3,50000,0.8978888988494873,4,8,1
associative_retrieval_v2,,/home/jovyan/rmt/wip/base_models/gptconfigs/neox_tiny_4l4h.json,base_models.modeling_gpt_neox:GPTNeoXForCausalLM,decoder,0.0001,2048,linear,2,,1,../runs/associative_retrieval_v2//lr1e-04_linear_adamw_wd1e-03_k4-v1-p1-2x2048_mem1_bs2048_regular_bptt-2_4l4h/run_1,42500,0.5,4,1,1
associative_retrieval_v2,,/home/jovyan/rmt/wip/base_models/gptconfigs/neox_tiny_4l4h.json,base_models.modeling_gpt_neox:GPTNeoXForCausalLM,decoder,0.0001,2048,linear,2,,1,../runs/associative_retrieval_v2//lr1e-04_linear_adamw_wd1e-03_k4-v1-p1-2x2048_mem1_bs2048_regular_bptt-2_4l4h/run_2,42500,0.5,4,1,1
associative_retrieval_v2,,/home/jovyan/rmt/wip/base_models/gptconfigs/neox_tiny_4l4h.json,base_models.modeling_gpt_neox:GPTNeoXForCausalLM,decoder,0.0001,2048,linear,2,,1,../runs/associative_retrieval_v2//lr1e-04_linear_adamw_wd1e-03_k4-v2-p1-2x2048_mem1_bs2048_regular_bptt-2_4l4h/run_1,45000,0.6869999766349792,4,2,1
associative_retrieval_v2,,/home/jovyan/rmt/wip/base_models/gptconfigs/neox_tiny_4l4h.json,base_models.modeling_gpt_neox:GPTNeoXForCausalLM,decoder,0.0001,2048,linear,2,,1,../runs/associative_retrieval_v2//lr1e-04_linear_adamw_wd1e-03_k4-v2-p1-2x2048_mem1_bs2048_regular_bptt-2_4l4h/run_2,50000,0.6853333115577698,4,2,1
associative_retrieval_v2,,/home/jovyan/rmt/wip/base_models/gptconfigs/neox_tiny_4l4h.json,base_models.modeling_gpt_neox:GPTNeoXForCausalLM,decoder,0.0001,2048,linear,2,,1,../runs/associative_retrieval_v2//lr1e-04_linear_adamw_wd1e-03_k4-v8-p1-2x2048_mem1_bs2048_regular_bptt-2_4l4h/run_1,45000,0.7391111254692078,4,8,1
associative_retrieval_v2,,/home/jovyan/rmt/wip/base_models/gptconfigs/neox_tiny_4l4h.json,base_models.modeling_gpt_neox:GPTNeoXForCausalLM,decoder,0.0001,2048,linear,2,,1,../runs/associative_retrieval_v2//lr1e-04_linear_adamw_wd1e-03_k4-v8-p1-2x2048_mem1_bs2048_regular_bptt-2_4l4h/run_2,47500,0.835444450378418,4,8,1
associative_retrieval_v2,,/home/jovyan/rmt/wip/base_models/gptconfigs/neox_tiny_4l4h.json,base_models.modeling_gpt_neox:GPTNeoXForCausalLM,decoder,0.0001,2048,linear,2,,2,../runs/associative_retrieval_v2//lr1e-04_linear_adamw_wd1e-03_k4-v1-p1-2x2048_mem2_bs2048_regular_bptt-2_4l4h/run_1,42500,0.5,4,1,1
associative_retrieval_v2,,/home/jovyan/rmt/wip/base_models/gptconfigs/neox_tiny_4l4h.json,base_models.modeling_gpt_neox:GPTNeoXForCausalLM,decoder,0.0001,2048,linear,2,,2,../runs/associative_retrieval_v2//lr1e-04_linear_adamw_wd1e-03_k4-v1-p1-2x2048_mem2_bs2048_regular_bptt-2_4l4h/run_2,42500,0.5,4,1,1
associative_retrieval_v2,,/home/jovyan/rmt/wip/base_models/gptconfigs/neox_tiny_4l4h.json,base_models.modeling_gpt_neox:GPTNeoXForCausalLM,decoder,0.0001,2048,linear,2,,2,../runs/associative_retrieval_v2//lr1e-04_linear_adamw_wd1e-03_k4-v2-p1-2x2048_mem2_bs2048_regular_bptt-2_4l4h/run_1,47500,0.6869999766349792,4,2,1
associative_retrieval_v2,,/home/jovyan/rmt/wip/base_models/gptconfigs/neox_tiny_4l4h.json,base_models.modeling_gpt_neox:GPTNeoXForCausalLM,decoder,0.0001,2048,linear,2,,2,../runs/associative_retrieval_v2//lr1e-04_linear_adamw_wd1e-03_k4-v2-p1-2x2048_mem2_bs2048_regular_bptt-2_4l4h/run_2,50000,0.6869999766349792,4,2,1
associative_retrieval_v2,,/home/jovyan/rmt/wip/base_models/gptconfigs/neox_tiny_4l4h.json,base_models.modeling_gpt_neox:GPTNeoXForCausalLM,decoder,0.0001,2048,linear,2,,2,../runs/associative_retrieval_v2//lr1e-04_linear_adamw_wd1e-03_k4-v4-p1-2x2048_mem2_bs2048_regular_bptt-2_4l4h/run_1,50000,0.8126000165939331,4,4,1
associative_retrieval_v2,,/home/jovyan/rmt/wip/base_models/gptconfigs/neox_tiny_4l4h.json,base_models.modeling_gpt_neox:GPTNeoXForCausalLM,decoder,0.0001,2048,linear,2,,2,../runs/associative_retrieval_v2//lr1e-04_linear_adamw_wd1e-03_k4-v4-p1-2x2048_mem2_bs2048_regular_bptt-2_4l4h/run_2,50000,0.8126000165939331,4,4,1
associative_retrieval_v2,,/home/jovyan/rmt/wip/base_models/gptconfigs/neox_tiny_4l4h.json,base_models.modeling_gpt_neox:GPTNeoXForCausalLM,decoder,0.0001,2048,linear,2,,2,../runs/associative_retrieval_v2//lr1e-04_linear_adamw_wd1e-03_k4-v8-p1-2x2048_mem2_bs2048_regular_bptt-2_4l4h/run_1,45000,0.7116666436195374,4,8,1
associative_retrieval_v2,,/home/jovyan/rmt/wip/base_models/gptconfigs/neox_tiny_4l4h.json,base_models.modeling_gpt_neox:GPTNeoXForCausalLM,decoder,0.0001,2048,linear,2,,2,../runs/associative_retrieval_v2//lr1e-04_linear_adamw_wd1e-03_k4-v8-p1-2x2048_mem2_bs2048_regular_bptt-2_4l4h/run_2,50000,0.7525555491447449,4,8,1
associative_retrieval_v2,,/home/jovyan/rmt/wip/base_models/gptconfigs/neox_tiny_4l4h.json,base_models.modeling_gpt_neox:GPTNeoXForCausalLM,decoder,0.0001,2048,linear,2,,4,../runs/associative_retrieval_v2//lr1e-04_linear_adamw_wd1e-03_k4-v1-p1-2x2048_mem4_bs2048_regular_bptt-2_4l4h/run_1,42500,0.5,4,1,1
associative_retrieval_v2,,/home/jovyan/rmt/wip/base_models/gptconfigs/neox_tiny_4l4h.json,base_models.modeling_gpt_neox:GPTNeoXForCausalLM,decoder,0.0001,2048,linear,2,,4,../runs/associative_retrieval_v2//lr1e-04_linear_adamw_wd1e-03_k4-v1-p1-2x2048_mem4_bs2048_regular_bptt-2_4l4h/run_2,42500,0.5,4,1,1
associative_retrieval_v2,,/home/jovyan/rmt/wip/base_models/gptconfigs/neox_tiny_4l4h.json,base_models.modeling_gpt_neox:GPTNeoXForCausalLM,decoder,0.0001,2048,linear,2,,4,../runs/associative_retrieval_v2//lr1e-04_linear_adamw_wd1e-03_k4-v2-p1-2x2048_mem4_bs2048_regular_bptt-2_4l4h/run_1,50000,0.6880000233650208,4,2,1
associative_retrieval_v2,,/home/jovyan/rmt/wip/base_models/gptconfigs/neox_tiny_4l4h.json,base_models.modeling_gpt_neox:GPTNeoXForCausalLM,decoder,0.0001,2048,linear,2,,4,../runs/associative_retrieval_v2//lr1e-04_linear_adamw_wd1e-03_k4-v2-p1-2x2048_mem4_bs2048_regular_bptt-2_4l4h/run_2,50000,0.6869999766349792,4,2,1
associative_retrieval_v2,,/home/jovyan/rmt/wip/base_models/gptconfigs/neox_tiny_4l4h.json,base_models.modeling_gpt_neox:GPTNeoXForCausalLM,decoder,0.0001,2048,linear,2,,4,../runs/associative_retrieval_v2//lr1e-04_linear_adamw_wd1e-03_k4-v4-p1-2x2048_mem4_bs2048_regular_bptt-2_4l4h/run_1,45000,0.8256000280380249,4,4,1
associative_retrieval_v2,,/home/jovyan/rmt/wip/base_models/gptconfigs/neox_tiny_4l4h.json,base_models.modeling_gpt_neox:GPTNeoXForCausalLM,decoder,0.0001,2048,linear,2,,4,../runs/associative_retrieval_v2//lr1e-04_linear_adamw_wd1e-03_k4-v4-p1-2x2048_mem4_bs2048_regular_bptt-2_4l4h/run_2,50000,0.9175999760627747,4,4,1
associative_retrieval_v2,,/home/jovyan/rmt/wip/base_models/gptconfigs/neox_tiny_4l4h.json,base_models.modeling_gpt_neox:GPTNeoXForCausalLM,decoder,0.0001,2048,linear,2,,4,../runs/associative_retrieval_v2//lr1e-04_linear_adamw_wd1e-03_k4-v8-p1-2x2048_mem4_bs2048_regular_bptt-2_4l4h/run_1,50000,0.8581110835075378,4,8,1
associative_retrieval_v2,,/home/jovyan/rmt/wip/base_models/gptconfigs/neox_tiny_4l4h.json,base_models.modeling_gpt_neox:GPTNeoXForCausalLM,decoder,0.0001,2048,linear,2,,4,../runs/associative_retrieval_v2//lr1e-04_linear_adamw_wd1e-03_k4-v8-p1-2x2048_mem4_bs2048_regular_bptt-2_4l4h/run_2,50000,0.8983333110809326,4,8,1
associative_retrieval_v2,,/home/jovyan/rmt/wip/base_models/gptconfigs/neox_tiny_2l2h.json,base_models.modeling_gpt_neox:GPTNeoXForCausalLM,decoder,0.001,2048,linear,2,,4,../runs/associative_retrieval_v2//lr1e-03_linear_adamw_wd1e-03_k4-v4-p1-2x2048_mem4_bs2048_regular_bptt-2_2l2h/run_5,21000,0.9998000264167786,4,4,1
associative_retrieval_v2,,/home/jovyan/rmt/wip/base_models/gptconfigs/neox_tiny_2l2h.json,base_models.modeling_gpt_neox:GPTNeoXForCausalLM,decoder,0.001,2048,linear,2,,4,../runs/associative_retrieval_v2//lr1e-03_linear_adamw_wd1e-03_k4-v8-p1-2x2048_mem4_bs2048_regular_bptt-2_2l2h/run_5,47500,0.903333306312561,4,8,1
associative_retrieval_v2,,/home/jovyan/rmt/wip/base_models/gptconfigs/neox_tiny_2l2h.json,base_models.modeling_gpt_neox:GPTNeoXForCausalLM,decoder,0.001,2048,linear,2,,4,../runs/associative_retrieval_v2//lr1e-03_linear_adamw_wd1e-03_k4-v2-p1-2x2048_mem4_bs2048_regular_bptt-2_2l2h/run_5,15000,0.6869999766349792,4,2,1
associative_retrieval_v2,,/home/jovyan/rmt/wip/base_models/gptconfigs/neox_tiny_2l2h.json,base_models.modeling_gpt_neox:GPTNeoXForCausalLM,decoder,0.001,2048,linear,2,,4,../runs/associative_retrieval_v2//lr1e-03_linear_adamw_wd1e-03_k4-v2-p1-2x2048_mem4_bs2048_regular_bptt-2_2l2h/run_6,50000,0.687666654586792,4,2,1
associative_retrieval_v2,,/home/jovyan/rmt/wip/base_models/gptconfigs/neox_tiny_4l4h.json,base_models.modeling_gpt_neox:GPTNeoXForCausalLM,decoder,0.0001,2048,linear,2,,8,../runs/associative_retrieval_v2//lr1e-04_linear_adamw_wd1e-03_k4-v1-p1-2x2048_mem8_bs2048_regular_bptt-2_4l4h/run_1,42500,0.5,4,1,1
associative_retrieval_v2,,/home/jovyan/rmt/wip/base_models/gptconfigs/neox_tiny_4l4h.json,base_models.modeling_gpt_neox:GPTNeoXForCausalLM,decoder,0.0001,2048,linear,2,,8,../runs/associative_retrieval_v2//lr1e-04_linear_adamw_wd1e-03_k4-v1-p1-2x2048_mem8_bs2048_regular_bptt-2_4l4h/run_2,42500,0.5,4,1,1
associative_retrieval_v2,,/home/jovyan/rmt/wip/base_models/gptconfigs/neox_tiny_4l4h.json,base_models.modeling_gpt_neox:GPTNeoXForCausalLM,decoder,0.0001,2048,linear,2,,8,../runs/associative_retrieval_v2//lr1e-04_linear_adamw_wd1e-03_k4-v2-p1-2x2048_mem8_bs2048_regular_bptt-2_4l4h/run_1,50000,0.7026666402816772,4,2,1
associative_retrieval_v2,,/home/jovyan/rmt/wip/base_models/gptconfigs/neox_tiny_4l4h.json,base_models.modeling_gpt_neox:GPTNeoXForCausalLM,decoder,0.0001,2048,linear,2,,8,../runs/associative_retrieval_v2//lr1e-04_linear_adamw_wd1e-03_k4-v2-p1-2x2048_mem8_bs2048_regular_bptt-2_4l4h/run_2,42500,0.6866666674613953,4,2,1
associative_retrieval_v2,,/home/jovyan/rmt/wip/base_models/gptconfigs/neox_tiny_4l4h.json,base_models.modeling_gpt_neox:GPTNeoXForCausalLM,decoder,0.0001,2048,linear,2,,8,../runs/associative_retrieval_v2//lr1e-04_linear_adamw_wd1e-03_k4-v4-p1-2x2048_mem8_bs2048_regular_bptt-2_4l4h/run_1,50000,0.8256000280380249,4,4,1
associative_retrieval_v2,,/home/jovyan/rmt/wip/base_models/gptconfigs/neox_tiny_4l4h.json,base_models.modeling_gpt_neox:GPTNeoXForCausalLM,decoder,0.0001,2048,linear,2,,8,../runs/associative_retrieval_v2//lr1e-04_linear_adamw_wd1e-03_k4-v4-p1-2x2048_mem8_bs2048_regular_bptt-2_4l4h/run_2,50000,0.7982000112533569,4,4,1
associative_retrieval_v2,,/home/jovyan/rmt/wip/base_models/gptconfigs/neox_tiny_4l4h.json,base_models.modeling_gpt_neox:GPTNeoXForCausalLM,decoder,0.0001,2048,linear,2,,8,../runs/associative_retrieval_v2//lr1e-04_linear_adamw_wd1e-03_k4-v8-p1-2x2048_mem8_bs2048_regular_bptt-2_4l4h/run_1,50000,0.8797777891159058,4,8,1
associative_retrieval_v2,,/home/jovyan/rmt/wip/base_models/gptconfigs/neox_tiny_4l4h.json,base_models.modeling_gpt_neox:GPTNeoXForCausalLM,decoder,0.0001,2048,linear,2,,8,../runs/associative_retrieval_v2//lr1e-04_linear_adamw_wd1e-03_k4-v8-p1-2x2048_mem8_bs2048_regular_bptt-2_4l4h/run_2,50000,0.8968889117240906,4,8,1
